Keyword,Score
Big,0.99998164
Anonymous,0.9999813
Al,0.9999788
Norm,0.9999784
Genocide,0.99997675
Lebensraum,0.9999763
Telegram,0.9999751
Jon,0.9999751
BlackRock,0.99997485
TikTok,0.9999747
muslim,0.9999745
psychopathy,0.99997437
interpol,0.99997425
israeli,0.99997413
wormtounge,0.9999738
FireFox,0.99997354
Clowngress,0.99997306
TV,0.99997294
Freedumb,0.9999728
Haaretz,0.9999727
Yom,0.9999727
israel,0.9999726
Firefox,0.9999722
Nusra,0.9999715
Tik,0.9999715
Joe,0.9999714
Genocidal,0.9999714
gibberish,0.9999714
Passover,0.9999714
Thunberg,0.9999713
Varoufakis,0.9999713
nusra,0.99997115
Star,0.9999709
muslims,0.9999707
honeypots,0.9999707
Greta,0.9999703
Kool,0.9999703
jordan,0.9999703
Projection,0.9999701
Hormuz,0.99996996
Neturei,0.99996984
Reddit,0.9999696
twitter,0.9999695
belgium,0.99996936
Howie,0.99996924
Yanis,0.99996877
Tali,0.99996865
Mossad,0.9999683
Haganah,0.9999683
Eminem,0.9999682
