Keyword,Score
Big,0.99998164
Anonymous,0.9999813
Al,0.9999788
Norm,0.9999784
Seinfeld,0.99997735
Genocide,0.99997675
Lebensraum,0.9999763
Telegram,0.9999751
Jon,0.9999751
jeudenhasser,0.99997497
BlackRock,0.99997485
TikTok,0.9999747
muslim,0.9999745
psychopathy,0.99997437
interpol,0.99997425
israeli,0.99997413
wormtounge,0.9999738
FireFox,0.99997354
Clowngress,0.99997306
TV,0.99997294
Freedumb,0.9999728
Haaretz,0.9999727
Yom,0.9999727
israel,0.9999726
Firefox,0.9999722
Nusra,0.9999715
Tik,0.9999715
Joe,0.9999714
Genocidal,0.9999714
gibberish,0.9999714
Passover,0.9999714
Thunberg,0.9999713
Varoufakis,0.9999713
nusra,0.99997115
Pharaoh,0.99997103
Star,0.9999709
muslims,0.9999707
honeypots,0.9999707
Guantanamo,0.99997056
Greta,0.9999703
Kool,0.9999703
jordan,0.9999703
Projection,0.9999701
Hormuz,0.99996996
Neturei,0.99996984
Reddit,0.9999696
twitter,0.9999695
belgium,0.99996936
Howie,0.99996924
Yanis,0.99996877
Tali,0.99996865
Mossad,0.9999683
Haganah,0.9999683
Eminem,0.9999682
GoFundMe,0.9999682
tiktok,0.99996805
Krystal,0.99996805
Nakba,0.99996805
Aliyah,0.99996805
google,0.9999677
Habibi,0.9999677
Ashraf,0.99996746
Nadav,0.99996746
netanyahu,0.99996734
Bang,0.9999672
WhatsApp,0.9999671
talmud,0.999967
Farouk,0.999967
DuckDuckGo,0.9999665
psychopath,0.9999664
Propaganda,0.9999664
taliban,0.9999664
Ghislaine,0.99996626
Isreals,0.99996614
pogrom,0.999966
Kanye,0.9999659
Netanyahu,0.9999659
amalek,0.99996567
ABC,0.99996555
Gottlieb,0.9999654
Baqarah,0.9999654
Chrome,0.9999653
flashbang,0.9999653
Baruch,0.9999652
Theodor,0.9999651
Gigi,0.99996495
Psychopath,0.99996483
Kinison,0.99996483
english,0.9999647
firefox,0.9999647
Edward,0.99996424
Abraham,0.9999641
kayfabe,0.9999641
Fatty,0.999964
tinfoil,0.999964
boogeyman,0.9999639
mossad,0.99996364
ramadan,0.9999635
Aqua,0.9999634
Google,0.9999633
