Keyword,Score
Caliphate,0.9999771
Morisset,0.9999726
reddit,0.9999697
october,0.99996877
muslim,0.99996793
TikTokCringe,0.9999678
Farfour,0.9999676
Reddit,0.99996746
Alanis,0.99996626
israel,0.99996614
israeli,0.9999654
Haj,0.99996483
Amin,0.99996376
free,0.99996305
Allahu,0.9999628
Caliphates,0.999961
nebi,0.9999609
palestine,0.9999597
Clemence,0.99995863
Haaretz,0.9999583
quora,0.99995697
TikTok,0.9999567
Husseini,0.9999566
columbia,0.99995613
GoFundMe,0.9999542
aussies,0.9999542
Biden,0.999954
Joe,0.99995303
Mossad,0.9999527
caliphate,0.9999527
muslimd,0.9999527
Nekba,0.99995255
Gobbel,0.9999523
-,0.9999515
Shabbat,0.99995136
The,0.99995136
Pikachu,0.99995124
Nablus,0.99995124
Antisemitism,0.99995005
FREEDOM,0.99994934
antisemitism,0.99994874
P,0.99994874
mumbo,0.9999486
UNICEF,0.9999479
english,0.9999471
Taylor,0.9999466
hammus,0.999946
Baum,0.99994576
Mtenga,0.9999447
cosplayer,0.9999429
jumbo,0.9999429
falastine,0.9999424
Law,0.9999424
antisemitic,0.9999423
Socialists,0.9999423
dissonance,0.9999422
Wire,0.99994206
Akbar,0.9999416
ass,0.9999404
Ryan,0.9999404
metzitzah,0.99993837
musa,0.9999367
haaretz,0.9999361
falestine,0.9999341
islam,0.9999335
red,0.9999331
hebrew,0.99993277
.,0.99993265
atom,0.9999325
Yisrael,0.9999318
Worldnews,0.9999316
Red,0.9999299
Telegram,0.9999298
cross,0.99992967
pubic,0.9999285
speech,0.99992824
Hasan,0.999928
Swift,0.9999275
tiktok,0.9999268
science,0.9999268
New,0.9999267
Cross,0.9999244
Minhaj,0.9999236
troll,0.9999229
Peter,0.9999229
Times,0.99992275
Uyghur,0.9999219
nazis,0.9999206
Daily,0.99992037
Alan,0.9999193
tik,0.9999188
Party,0.999918
European,0.99991786
STUPID,0.99991786
nakba,0.99991786
Hezbollah,0.9999175
al,0.99991727
Tucker,0.99991715
Tiktok,0.99991703
lenguige,0.99991524
