Keyword,Score
AdventHealth,0.9999807
apnea,0.9999771
echocardiogram,0.99997365
Telemynd,0.9999734
Armodafinil,0.99997306
GlaxoSmithKlinelovent,0.99997306
Apnea,0.99996984
Reddit,0.99996924
cryptocurrency,0.9999689
CareFirst,0.9999685
chiropractor,0.99996805
Sleep,0.9999678
amyloidosis,0.9999677
syndrome,0.9999676
QuickBlox,0.9999676
Google,0.99996734
telehealth,0.99996686
electrocardiogram,0.9999664
methotrexate,0.99996626
allergy,0.99996614
Aetna,0.9999658
colitis,0.9999654
Teladoc,0.9999647
phlebotomy,0.9999645
ulcerative,0.99996436
Glow,0.9999641
google,0.99996376
obese,0.99996316
HIPAA,0.99996305
zocdoc,0.99996305
bipolar,0.9999629
ELECTROcardiogram,0.9999627
Power,0.99996257
paxil,0.999962
telemedicine,0.99996185
Parenthood,0.99996173
WellCare,0.9999615
Psychiatry,0.9999614
fluticasone,0.99996126
Albuterol,0.99996126
mastectomy,0.99996066
Planned,0.9999603
tonsillectomy,0.99996006
inhaler,0.9999597
tourette,0.99995947
pro,0.99995863
reddit,0.9999585
vitro,0.9999583
teardrop,0.9999583
webinar,0.99995816
clownocracy,0.99995744
radiology,0.9999572
ECHOcardiogram,0.9999571
diabetic,0.99995637
NuGen,0.9999559
Protonix,0.99995565
HealthStream,0.9999554
monopoli,0.9999554
private,0.99995446
call,0.99995446
glaucoma,0.99995434
sulfite,0.9999542
TikTok,0.9999541
Osteopathic,0.99995387
colonoscopy,0.9999534
haemophilia,0.9999529
aetna,0.9999528
chemotherapy,0.9999522
Medicare,0.99995184
endoscopy,0.9999515
osteoporosis,0.99995077
lexapro,0.9999504
Telehealth,0.9999502
USHEALTH,0.9999498
preventative,0.99994946
pseudoscience,0.99994886
shooter,0.9999485
opeiton,0.9999485
sonopraphy,0.9999485
podiatrist,0.9999471
cobra,0.9999467
kryptonite,0.9999467
Zoloft,0.9999467
physiotherapist,0.9999461
Walgreens,0.99994564
florida,0.9999455
brokie,0.99994516
MediCal,0.99994457
Attorney,0.99994445
acupuncture,0.999944
antiabortion,0.99994385
Elon,0.99994373
redditls,0.9999436
Oxycontin,0.9999435
preventive,0.9999434
chiropractic,0.99994314
omeprazole,0.99994314
authization,0.999943
Nurtec,0.9999424
dermatology,0.9999422
