,labelled_HealthcareUS_Kanushree,labelled_HealthcareUS_Zijing,labelled_HealthcareUS_Adam,labelled_HealthcareUS_Raphael,labelled_HealthcareUS_Viktor
labelled_HealthcareUS_Kanushree,0.0,0.26999996779441693,0.6217756823953834,0.2410520189687724,0.22656986439939228
labelled_HealthcareUS_Zijing,0.26999996779441693,0.0,0.28495719120575913,0.21415719637818934,0.11198798127872715
labelled_HealthcareUS_Adam,0.6217756823953834,0.28495719120575913,0.0,0.34868801039621117,0.2407405120898388
labelled_HealthcareUS_Raphael,0.2410520189687724,0.21415719637818934,0.34868801039621117,0.0,0.2817700133237999
labelled_HealthcareUS_Viktor,0.22656986439939228,0.11198798127872715,0.2407405120898388,0.2817700133237999,0.0
