,labelled_TaxationUS_Zijing,labelled_TaxationUS_Adam,labelled_TaxationUS_Kanushree,labelled_TaxationUS_Raphael,labelled_TaxationUS_Viktor
labelled_TaxationUS_Zijing,0.0,0.30198951014393716,0.1770129685597871,0.2231396439678013,0.23526068955181006
labelled_TaxationUS_Adam,0.30198951014393716,0.0,0.34685502373610766,0.3776458939183816,0.24793589727575913
labelled_TaxationUS_Kanushree,0.1770129685597871,0.34685502373610766,0.0,0.44375484598858167,0.46111072973158507
labelled_TaxationUS_Raphael,0.2231396439678013,0.3776458939183816,0.44375484598858167,0.0,0.3936987886127098
labelled_TaxationUS_Viktor,0.23526068955181006,0.24793589727575913,0.46111072973158507,0.3936987886127098,0.0
