Keyword,Score
israel,533.2305999999995
displaying zionist,358.2934999999987
palestine questions,303.80490000000174
hamas,290.8742999999996
unrwa org,269.9020999999984
donate unrwa,238.1856000000003
speech genocide,223.33909999999773
compose palestine,197.34750000000113
donation provides,188.94559999999808
genocide denial,162.52089999999947
gaza,141.71990000000008
palestine,135.24589999999995
biden,132.61209999999988
zionist,132.09760000000003
people,131.3457
jewish,120.16230000000006
jews,117.77429999999998
zionists,113.1073000000001
rafah,105.40570000000002
just,98.2363
genocide,92.83700000000003
israeli,92.59639999999993
hostages,91.41110000000002
like,86.93640000000003
palestinian,84.54679999999999
idf,78.2101
gif,77.60420000000003
lol,77.44050000000007
palestinians,76.30660000000003
join palestine,75.90749999999998
giphy,73.4288
ceasefire,70.80799999999999
submission removed,69.98310000000009
gif giphy,69.80969999999995
israel questions,67.38499999999999
know,64.99350000000001
american,64.40840000000007
send modmail,62.12900000000012
right,60.81020000000001
content removed,60.22459999999996
think,60.2065
students,59.120900000000006
subreddit rules,58.50439999999989
don,58.05829999999998
pro,56.35989999999998
bigotry trolling,55.21880000000011
attacks racism,54.83399999999998
bibi,53.968599999999995
war,53.968399999999974
https preview,53.50479999999997
