Keyword,Score
juniordoctorsuk questions,261.93650000000076
subscribing doctorsuk,220.17599999999914
nhs,204.72129999999984
14y1vb1 important_moderation_update_closure_of_jduk,183.83909999999926
pa,176.03260000000006
close replaced,148.41030000000026
bot action,133.85859999999983
consultant,110.64970000000008
pas,101.53570000000005
gif,96.88589999999996
gp,95.3439
giphy,94.34090000000003
gif giphy,92.67
doctorsuk questions,92.16399999999992
uk,91.07880000000003
doctors,87.38470000000002
doctor,84.26050000000002
just,74.80559999999998
hospital,74.317
bma,66.53339999999997
strike,66.53209999999996
contact moderators,59.63759999999997
thank,57.82190000000002
medical school,54.571200000000005
like,52.23290000000002
thanks,52.16329999999999
ward,51.09009999999998
people,49.495399999999975
yes,49.46920000000001
know,49.32239999999999
trust,49.143699999999995
lol,48.82400000000003
visibility bot,48.35999999999999
don,48.036600000000064
patients,46.561
gmc,46.497299999999996
think,44.078299999999984
did,43.683099999999996
encouraged subreddit,43.393999999999885
review post,43.06519999999995
agree,42.305299999999995
training,41.8914
accounts held,41.872999999999934
good,41.0812
downsized,40.5594
pay,40.19469999999998
radiology,39.83920000000001
subreddit comment,39.65300000000004
consultants,38.8733
years,38.80599999999999
